,MEAN,STD
AP2_S0,-9996.603277833334,614.7050273431291
AP2_S1,-9402.789902,260.96620866024756
