,MAML_MEAN_REWARD,MAML_STD_REWARD,DRL_MEAN_REWARD,DRL_STD_REWARD
AP3,-16570.3,875.455629943631,-15723.799999166667,953.21175990005
