,Experiment Case,Mean,Variance,Holding cost,Process cost,Delivery cost,Order cost,Shortage cost
0,Q1,-20162.091662916664,866.079893637064,37.5069798776161,0.9889846913390862,0.6224552595940588,8.92764515752435,51.953935013926426
1,Q2,-17041.487452708334,1070.2890672941562,47.88893854105054,2.3249144248674933,1.2868594986709776,17.6040971090421,30.895190426368885
2,Q3,-16818.562258125,596.1489929757835,60.762995678706154,3.4991100366840064,1.8170399782678543,24.972408078288574,8.948446228053406
3,Q4,-21755.241214374997,202.7931519286288,69.1724861429321,3.004333500876686,1.5076826626186548,24.821604811404686,1.4938928821678745
