,MAML_MEAN_REWARD,MAML_STD_REWARD,DRL_MEAN_REWARD,DRL_STD_REWARD
AP3,-13675.299999166667,507.24043548942325,-14163.7,891.813579174482
