,MEAN,STD
AP3_S0,-14718.011633666669,954.8872425867345
AP3_S1,-18429.579976666668,1486.2178670260478
