,MEAN,STD
AP1_S0,-3584.5848893333336,287.53285139745316
AP1_S1,-3905.3015823333326,32.230422378037346
