,MAML_MEAN_REWARD,MAML_STD_REWARD,DRL_MEAN_REWARD,DRL_STD_REWARD
AP2,-6534.099902916667,162.46145213250543,-6499.499940416668,71.50944289043404
