,MAML_MEAN_REWARD,MAML_STD_REWARD,DRL_MEAN_REWARD,DRL_STD_REWARD
AP1,-2647.1999124999993,25.64682100183487,-2668.699915416666,29.879090885882245
