,MAML_MEAN_REWARD,MAML_STD_REWARD,DRL_MEAN_REWARD,DRL_STD_REWARD
AP3,-12362.499998750001,1026.5057714079112,-13449.199998333333,465.4830387876667
