,MEAN,STD
AP3_S0,-17201.061586333333,1453.0878259133121
AP3_S1,-15188.448325166672,754.4891301538632
