,MAML_MEAN_REWARD,MAML_STD_REWARD,DRL_MEAN_REWARD,DRL_STD_REWARD
AP3,-11803.799999583334,234.07105759665518,-11806.8,390.0387929424457
