,MAML_MEAN_REWARD,MAML_STD_REWARD,DRL_MEAN_REWARD,DRL_STD_REWARD
AP2,-10715.599977083333,409.9823640785254,-10071.599976666668,1037.78259635653
