,MEAN,STD
AP1_S0,-4341.21989725,351.8135929331046
