,MAML_MEAN_REWARD,MAML_STD_REWARD
AP3,-18456.083324583335,1075.266887682375
