,MAML_MEAN_REWARD,MAML_STD_REWARD
AP2,-6898.199903333334,251.45307323368988
