,MEAN,STD
AP2_S0,-10841.084965833334,307.1136295327139
AP2_S1,-8723.514961666668,447.4341194157397
