,MAML_MEAN_REWARD,MAML_STD_REWARD,DRL_MEAN_REWARD,DRL_STD_REWARD
AP2,-7524.199921666668,501.9627078811904,-7822.099918750001,711.0557368524902
