,MAML_MEAN_REWARD,MAML_STD_REWARD,DRL_MEAN_REWARD,DRL_STD_REWARD
AP3,-23048.3,1255.666579948674,-23079.299999166666,1206.573231410827
