,MEAN,STD
AP1_S0,-3385.504819166667,223.65811155981717
AP1_S1,-3783.9666084166665,289.39010192016144
