,MAML_MEAN_REWARD,MAML_STD_REWARD,DRL_MEAN_REWARD,DRL_STD_REWARD
AP2,-7027.599863749999,125.81070667111466,-6626.799918333335,235.7317311228332
