,MEAN,STD
AP1_S0,-3734.5232030833336,232.71550899192061
AP1_S1,-3878.8799114166663,196.12506986147096
