,MEAN,STD
AP2_S0,-13724.503047916669,2033.8388497609542
