,MEAN,STD
AP1_S0,-3892.901532,259.40953305857334
