,MAML_MEAN_REWARD,MAML_STD_REWARD,DRL_MEAN_REWARD,DRL_STD_REWARD
AP3,-11315.79999625,209.51529793629214,-10798.099997500001,478.75519798318294
